{
  "chosen_k": 2,
  "chosen_silhouette": 0.5136170112673529,
  "clusters": {
    "0": {
      "centroid": [
        0.0147,
        0.3155,
        0.3602,
        0.3686,
        0.39,
        0.3955,
        0.3943,
        0.3897
      ],
      "depth_quartiles": [
        9.0,
        17.0,
        26.0
      ],
      "n": 2094,
      "scope": {
        "global": 264,
        "local": 1830
      }
    },
    "1": {
      "centroid": [
        0.3206,
        0.3932,
        0.3712,
        0.3562,
        0.3413,
        0.3365,
        0.3359,
        0.333
      ],
      "depth_quartiles": [
        40.0,
        49.0,
        57.0
      ],
      "n": 2130,
      "scope": {
        "global": 440,
        "local": 1690
      }
    }
  },
  "created_at_utc": "2026-07-18T03:01:25.167775+00:00",
  "discontinuity_summary": {
    "max": 3.0980177108582456,
    "median": 0.37055152765312027,
    "n_fit_failures": 0,
    "q90": 1.2172741337166593
  },
  "kind": "round4_nearfield",
  "per_head_discontinuity_q": {
    "hi": [
      "L48_h37",
      "L64_h18",
      "L48_h39",
      "L64_h12",
      "L64_h56",
      "L64_h24",
      "L64_h28",
      "L18_h43",
      "L48_h38",
      "L09_h35",
      "L01_h17",
      "L07_h62"
    ]
  },
  "per_layer_motif_counts": {
    "L00": [
      62,
      2
    ],
    "L01": [
      64,
      0
    ],
    "L02": [
      50,
      14
    ],
    "L03": [
      45,
      19
    ],
    "L04": [
      51,
      13
    ],
    "L05": [
      64,
      0
    ],
    "L06": [
      55,
      9
    ],
    "L07": [
      64,
      0
    ],
    "L08": [
      64,
      0
    ],
    "L09": [
      64,
      0
    ],
    "L10": [
      25,
      39
    ],
    "L11": [
      58,
      6
    ],
    "L12": [
      63,
      1
    ],
    "L13": [
      63,
      1
    ],
    "L14": [
      64,
      0
    ],
    "L15": [
      64,
      0
    ],
    "L16": [
      64,
      0
    ],
    "L17": [
      64,
      0
    ],
    "L18": [
      64,
      0
    ],
    "L19": [
      64,
      0
    ],
    "L20": [
      64,
      0
    ],
    "L21": [
      64,
      0
    ],
    "L22": [
      64,
      0
    ],
    "L23": [
      53,
      11
    ],
    "L24": [
      63,
      1
    ],
    "L25": [
      56,
      8
    ],
    "L26": [
      58,
      6
    ],
    "L27": [
      58,
      6
    ],
    "L28": [
      38,
      26
    ],
    "L29": [
      17,
      47
    ],
    "L30": [
      42,
      22
    ],
    "L31": [
      63,
      1
    ],
    "L32": [
      11,
      53
    ],
    "L33": [
      62,
      2
    ],
    "L34": [
      51,
      13
    ],
    "L35": [
      4,
      60
    ],
    "L36": [
      53,
      11
    ],
    "L37": [
      51,
      13
    ],
    "L38": [
      8,
      56
    ],
    "L39": [
      34,
      30
    ],
    "L40": [
      0,
      64
    ],
    "L41": [
      1,
      63
    ],
    "L42": [
      0,
      64
    ],
    "L43": [
      0,
      64
    ],
    "L44": [
      0,
      64
    ],
    "L45": [
      0,
      64
    ],
    "L46": [
      0,
      64
    ],
    "L47": [
      1,
      63
    ],
    "L48": [
      0,
      64
    ],
    "L49": [
      0,
      64
    ],
    "L50": [
      0,
      64
    ],
    "L51": [
      0,
      64
    ],
    "L52": [
      0,
      64
    ],
    "L53": [
      1,
      63
    ],
    "L54": [
      0,
      64
    ],
    "L55": [
      0,
      64
    ],
    "L56": [
      0,
      64
    ],
    "L57": [
      0,
      64
    ],
    "L58": [
      0,
      64
    ],
    "L59": [
      1,
      63
    ],
    "L60": [
      0,
      64
    ],
    "L61": [
      0,
      64
    ],
    "L62": [
      0,
      64
    ],
    "L63": [
      0,
      64
    ],
    "L64": [
      0,
      64
    ],
    "L65": [
      0,
      64
    ]
  },
  "schema_version": 1,
  "silhouettes": {
    "2": 0.5136170112673529,
    "3": 0.4055649374294899,
    "4": 0.42144509935836216,
    "5": 0.3517789507958353,
    "6": 0.33996810641320585,
    "7": 0.3353661500968488,
    "8": 0.2999349021847635
  },
  "sources": {
    "_meta.json": "765d9978627951c579ada266727a8697de5f0a646657bd13358f2150106732fc",
    "script": "b9c3a9912c93c5d9c6abe92ec06ac77fa808695cc0e5bc0904a60710ad183254"
  }
}