{
  "class_agreements": {
    "function_words": {
      "cross_arm_control": true,
      "primary": true
    },
    "message_starts": {
      "cross_arm_control": true,
      "primary": true
    },
    "pronouns": {
      "cross_arm_control": true,
      "primary": true
    }
  },
  "class_position_counts": {
    "function_words": 2016,
    "message_starts": 311,
    "pronouns": 946
  },
  "created_at_utc": "2026-07-17T10:02:57.854772+00:00",
  "gates": {
    "capture_validation_gate": true,
    "class_freeze_agreement_gate": true,
    "class_readout_rederivation_gate": true,
    "novelty_rederivation_gate": true,
    "p_v2_2_rederivation_gate": true,
    "prediction_field_agreement_gate": true,
    "raw_aperture_rederivation_gate": true,
    "true_null_control_gate": true
  },
  "independent_control_effects": {
    "function_words": {
      "effect": -0.008203124999999978,
      "p": 0.1431856814318568,
      "p_holm": 0.4295570442955704
    },
    "message_starts": {
      "effect": -0.007421875000000022,
      "p": 0.6335366463353664,
      "p_holm": 1.0
    },
    "pronouns": {
      "effect": 0.014453124999999956,
      "p": 0.9577042295770423,
      "p_holm": 1.0
    }
  },
  "independent_primary_effects": {
    "function_words": {
      "effect": -0.005859375,
      "p": 0.6593340665933407,
      "p_holm": 0.6593340665933407
    },
    "message_starts": {
      "effect": 0.04335937499999998,
      "p": 0.0014998500149985001,
      "p_holm": 0.0029997000299970002
    },
    "pronouns": {
      "effect": -0.046093750000000044,
      "p": 9.999000099990002e-05,
      "p_holm": 0.00029997000299970003
    }
  },
  "kind": "corpus_v2_independent_verification",
  "max_abs_aperture_delta": 0.0,
  "novelty_means": {
    "07_slack_human": 2.5586349633773042,
    "08_math_llm": 1.6132289184171658
  },
  "p_v2_2_cross_arm_controls": {
    "math_aperture_slack_nll": {
      "bin_correlations": [
        -0.1178045057302169,
        0.02007313484718022,
        -0.05532232737328848,
        -0.009539128215547622,
        0.02475087664607501,
        0.09335520180214613,
        -0.016690946759121614,
        0.006530765003865918,
        -0.02962244358575974,
        0.1147862498733339,
        0.0028369654476661874,
        -0.10308860209476278,
        0.004168421846952014,
        0.09993633069698223,
        -0.025258603382400897,
        0.02417907610078206
      ],
      "median_spearman": 0.0035026936473091007,
      "passed": false,
      "positive_bins": 9
    },
    "slack_aperture_math_nll": {
      "bin_correlations": [
        -0.22247521259096348,
        0.07735730681955388,
        0.12976819089162914,
        -0.02273617065405435,
        -0.05205980577436952,
        0.0892027632992763,
        0.02306838002086501,
        0.0764090162175121,
        -0.04032797644795339,
        -0.03081047862900202,
        0.09223122429154441,
        0.14198255257902195,
        -0.04489556078262138,
        -0.15986856604675856,
        0.03234127478322731,
        -0.17612802574444283
      ],
      "median_spearman": 0.00016610468340533084,
      "passed": false,
      "positive_bins": 8
    }
  },
  "p_v2_2_primary": {
    "07_slack_human": {
      "bin_correlations": [
        0.010341618902875882,
        0.133399509756731,
        0.13775186649343527,
        0.06628582808875973,
        0.052653217925053536,
        0.15340178680350214,
        0.134402897016788,
        0.08495274246509273,
        0.16636665244360901,
        0.20918448760197572,
        0.24556293206724053,
        0.24525953802211578,
        0.19483842651559563,
        0.15136612013324008,
        0.1569604783978944,
        0.19798496184692976
      ],
      "median_spearman": 0.1523839534683711,
      "passed": true,
      "positive_bins": 16
    },
    "08_math_llm": {
      "bin_correlations": [
        -0.07968226049617787,
        0.2512323990702782,
        0.0503948889055137,
        0.15756423654445037,
        0.029142687547780762,
        0.07468961572371995,
        0.12827033033538227,
        0.5306231938209791,
        0.27866120745912365,
        0.3498867860729219,
        0.1851310382322919,
        0.10029516525250988,
        0.06228421786015756,
        0.3391909627275219,
        -0.056765992968008674,
        -0.013236087240932125
      ],
      "median_spearman": 0.11428274779394607,
      "passed": true,
      "positive_bins": 13
    }
  },
  "passed": true,
  "public_boundary_commit": "65b220c2d185829dfc4c8e617a67e673d2fa9cd2",
  "registration_commit": "7fb84ab4e5d164bc759c32e38b0e58803abd5299",
  "schema_version": 1,
  "source_sha256": "19e71915d21d2185d9467bb3293565524f90e7ae09e57e78512d24c2fc389869"
}
