{
 "q8_redistribution": {
  "01_prose_en": {
   "baseline": {
    "d_lt4": 0.07599376127539753,
    "d_4_128": 0.26293106300264124,
    "d_129_1023": 0.28305196483018563,
    "d_ge_1024": 0.3780232108917756
   },
   "bias_off": {
    "d_lt4": 0.11889165120850491,
    "d_4_128": 0.07873949966467292,
    "d_129_1023": 0.24016202445640228,
    "d_ge_1024": 0.5622068246704199
   },
   "delta_mid_4_128": -0.18419156333796832
  },
  "02_code": {
   "baseline": {
    "d_lt4": 0.06982043572018791,
    "d_4_128": 0.26449230187067063,
    "d_129_1023": 0.3082465331342566,
    "d_ge_1024": 0.3574407292748848
   },
   "bias_off": {
    "d_lt4": 0.1378337220319069,
    "d_4_128": 0.12408638048995337,
    "d_129_1023": 0.28016282103124907,
    "d_ge_1024": 0.4579170764468907
   },
   "delta_mid_4_128": -0.14040592138071728
  },
  "03_templated": {
   "baseline": {
    "d_lt4": 0.04245640768777076,
    "d_4_128": 0.10282214985208765,
    "d_129_1023": 0.24858145539279003,
    "d_ge_1024": 0.6061399870673516
   },
   "bias_off": {
    "d_lt4": 0.0524532933386187,
    "d_4_128": 0.04786963671266781,
    "d_129_1023": 0.23163376930836674,
    "d_ge_1024": 0.6680433006403468
   },
   "delta_mid_4_128": -0.054952513139419845
  },
  "04_multilingual": {
   "baseline": {
    "d_lt4": 0.06355067516956392,
    "d_4_128": 0.26099424213192524,
    "d_129_1023": 0.333681215206971,
    "d_ge_1024": 0.3417738674915398
   },
   "bias_off": {
    "d_lt4": 0.12826872234442271,
    "d_4_128": 0.08717333405794528,
    "d_129_1023": 0.2655282800626073,
    "d_ge_1024": 0.5190296635350247
   },
   "delta_mid_4_128": -0.17382090807397996
  },
  "05_needles": {
   "baseline": {
    "d_lt4": 0.03806569623574681,
    "d_4_128": 0.11646298116374487,
    "d_129_1023": 0.23821217570918532,
    "d_ge_1024": 0.607259146891323
   },
   "bias_off": {
    "d_lt4": 0.038408579175597965,
    "d_4_128": 0.047798586813030564,
    "d_129_1023": 0.22511723522527524,
    "d_ge_1024": 0.6886755987860963
   },
   "delta_mid_4_128": -0.06866439435071431
  },
  "06_random": {
   "baseline": {
    "d_lt4": 0.044676796025034424,
    "d_4_128": 0.10007941273187533,
    "d_129_1023": 0.26332125864050376,
    "d_ge_1024": 0.5919225326025864
   },
   "bias_off": {
    "d_lt4": 0.13461257542588195,
    "d_4_128": 0.04475830394448208,
    "d_129_1023": 0.21908911035416156,
    "d_ge_1024": 0.6015400102754744
   },
   "delta_mid_4_128": -0.05532110878739325
  }
 },
 "q4_mid_band_loss_vs_cost_corr": 0.3796693404685014,
 "q4_baseline_mid_share_vs_cost_corr": 0.46486581898087415,
 "q17": {
  "disp_L29": 0.6765388060834571,
  "disp_L41": 0.8876381390252035,
  "disp_argmax": 41
 },
 "q18": {
  "min_cos_L53": 0.38521709099268886,
  "min_cos_L29": 0.6585853340539687,
  "bias_off_cost_L53": 0.00226,
  "bias_off_cost_L29": 0.12079
 },
 "q2_q20_L29": {
  "rbar_energy_share_along_carrier_image": 0.04095454635021619,
  "kernel_change_if_carrier_component_removed": 0.39462137170335027,
  "carrier_image_kernel_flatness_med": 0.28823612956477235,
  "mean_kernel_flatness_med": 0.708846453420432,
  "carrier_kernel_level_vs_full": 0.5180726192585304,
  "token_r_variance_share_carrier_image": 0.12480538016088606
 },
 "q19": {
  "wr_col4786_norm": 5.754203420025564,
  "col_norm_percentile": 0.9998372395833334,
  "mean_abs_h4786_L28_needles": 23278.4140625,
  "contribution_norm_vs_rbar_norm": 2553.1256116512245,
  "carrier29_loading_on_4786": 0.052999962121248245,
  "cos_col4786_vs_carrier_image": 0.12360689777666625
 },
 "q21": {
  "L53": {
   "cos_G_carrier_image": -0.5210613768818397,
   "G_energy_on_P_modes_0_3": [
    0.263,
    0.2937,
    0.0935,
    0.0792
   ],
   "n_chirality_coords_here": 0,
   "G_energy_on_chirality_coords": null
  },
  "L59": {
   "cos_G_carrier_image": -0.44081708668179975,
   "G_energy_on_P_modes_0_3": [
    0.2345,
    0.2921,
    0.1797,
    0.0491
   ],
   "n_chirality_coords_here": 0,
   "G_energy_on_chirality_coords": null
  }
 },
 "q21_chirality_total_candidates": 0,
 "q23_prose_L29": {
  "__all__": {
   "n": 8191,
   "mean_dnll": 0.17647417478546265
  }
 }
}