{
 "q5": {
  "total_delta_nll_sum": 5936.438378334045,
  "share_top_0.1pct": 0.08189131705468805,
  "share_top_1pct": 0.4149917093435052,
  "share_top_10pct": 1.1928310975474001,
  "share_positive_tokens": 0.6610100516827412,
  "negative_mass_share": -0.47191240373159665
 },
 "q6_bias_off_L29": {
  "per_text": {
   "01_prose_en": {
    "mean_dnll": 0.17647417478546265,
    "mean_d_target_logit": -1.7788113657043554,
    "mean_d_log_normalizer": -1.6023371909188928
   },
   "02_code": {
    "mean_dnll": 0.2243896575655755,
    "mean_d_target_logit": -1.0683054858228545,
    "mean_d_log_normalizer": -0.8439158282572788
   },
   "03_templated": {
    "mean_dnll": 0.020245231066761894,
    "mean_d_target_logit": 0.1725808051519961,
    "mean_d_log_normalizer": 0.192826036218758
   },
   "04_multilingual": {
    "mean_dnll": 0.09264100379464157,
    "mean_d_target_logit": -1.087928061286778,
    "mean_d_log_normalizer": -0.9952870574921366
   },
   "05_needles": {
    "mean_dnll": 0.0011677868330439373,
    "mean_d_target_logit": -0.9275292503777012,
    "mean_d_log_normalizer": -0.9263614635446572
   },
   "06_random": {
    "mean_dnll": 0.2098335045595743,
    "mean_d_target_logit": -0.03131712744806788,
    "mean_d_log_normalizer": 0.17851637722793595
   }
  },
  "pooled_mean_d_target": -0.7868850809146268,
  "pooled_mean_d_logZ": -0.6660931877943785
 },
 "q6_bias_off_L65": {
  "per_text": {
   "01_prose_en": {
    "mean_dnll": 0.004745673760726271,
    "mean_d_target_logit": 2.1154856988615554,
    "mean_d_log_normalizer": 2.1202313726222815
   },
   "02_code": {
    "mean_dnll": 0.014385914747247241,
    "mean_d_target_logit": 1.593040856580393,
    "mean_d_log_normalizer": 1.6074267713276404
   },
   "03_templated": {
    "mean_dnll": -0.0006728340542923325,
    "mean_d_target_logit": 0.47523577707239656,
    "mean_d_log_normalizer": 0.4745629430181042
   },
   "04_multilingual": {
    "mean_dnll": 0.003766998530394748,
    "mean_d_target_logit": 1.548481183616164,
    "mean_d_log_normalizer": 1.5522481821465588
   },
   "05_needles": {
    "mean_dnll": 0.001507485135543799,
    "mean_d_target_logit": 3.3207102307410574,
    "mean_d_log_normalizer": 3.322217715876601
   },
   "06_random": {
    "mean_dnll": -0.031083298521213023,
    "mean_d_target_logit": 0.03441530817551369,
    "mean_d_log_normalizer": 0.003332009406887907
   }
  },
  "pooled_mean_d_target": 1.5145615091745133,
  "pooled_mean_d_logZ": 1.5133364990663456
 },
 "q6_far_off_L29": {
  "per_text": {
   "01_prose_en": {
    "mean_dnll": 0.0007152170826992612,
    "mean_d_target_logit": 0.016688268039998167,
    "mean_d_log_normalizer": 0.01740348512269743
   },
   "02_code": {
    "mean_dnll": -0.0013010232036126256,
    "mean_d_target_logit": -0.07222079683494079,
    "mean_d_log_normalizer": -0.07352182003855341
   },
   "03_templated": {
    "mean_dnll": 8.334619864164699e-05,
    "mean_d_target_logit": 0.13013711695763644,
    "mean_d_log_normalizer": 0.13022046315627808
   },
   "04_multilingual": {
    "mean_dnll": -0.0009331399887098,
    "mean_d_target_logit": -0.04740530765474301,
    "mean_d_log_normalizer": -0.04833844764345281
   },
   "05_needles": {
    "mean_dnll": -0.0010884412696343787,
    "mean_d_target_logit": -0.10424688444252839,
    "mean_d_log_normalizer": -0.10533532571216277
   },
   "06_random": {
    "mean_dnll": 0.00037780929842997697,
    "mean_d_target_logit": -0.007508579096271942,
    "mean_d_log_normalizer": -0.007130769797841965
   }
  },
  "pooled_mean_d_target": -0.014092697171808255,
  "pooled_mean_d_logZ": -0.014450402485505907
 },
 "q7": {
  "tokenwise_corr": 0.9117257096782675,
  "top1pct_jaccard": 0.5686900958466453,
  "near_over_bias_slope": 0.841145792461531,
  "pooled_ratio": 0.8353137755989753
 },
 "q9": {
  "far_off_L29": {
   "01_prose_en": {
    "n_neg_gt_0.05": 219,
    "neg_mass": -60.83408546447754,
    "pos_mass": 66.81894493103027,
    "mean_baseline_nll_of_beneficiaries": 1.5280330518609313,
    "mean_baseline_nll_all": 0.11464421138733157
   },
   "02_code": {
    "n_neg_gt_0.05": 903,
    "neg_mass": -201.11940002441406,
    "pos_mass": 191.1527442932129,
    "mean_baseline_nll_of_beneficiaries": 2.443520014732251,
    "mean_baseline_nll_all": 0.7088132568832545
   },
   "03_templated": {
    "n_neg_gt_0.05": 689,
    "neg_mass": -67.88571739196777,
    "pos_mass": 69.07898139953613,
    "mean_baseline_nll_of_beneficiaries": 3.352885624147811,
    "mean_baseline_nll_all": 1.316827385056777
   },
   "04_multilingual": {
    "n_neg_gt_0.05": 172,
    "neg_mass": -45.90237522125244,
    "pos_mass": 38.78481864929199,
    "mean_baseline_nll_of_beneficiaries": 1.9724469018536945,
    "mean_baseline_nll_all": 0.09988571572632686
   },
   "05_needles": {
    "n_neg_gt_0.05": 320,
    "neg_mass": -49.41039848327637,
    "pos_mass": 39.12393760681152,
    "mean_baseline_nll_of_beneficiaries": 2.685556936264038,
    "mean_baseline_nll_all": 0.2743902100470022
   },
   "06_random": {
    "n_neg_gt_0.05": 769,
    "neg_mass": -69.31193256378174,
    "pos_mass": 69.22897052764893,
    "mean_baseline_nll_of_beneficiaries": 12.69957280003978,
    "mean_baseline_nll_all": 12.537417777625796
   }
  },
  "far_off_L65": {
   "01_prose_en": {
    "n_neg_gt_0.05": 143,
    "neg_mass": -24.06418800354004,
    "pos_mass": 12.211042404174805,
    "mean_baseline_nll_of_beneficiaries": 2.407595667805705,
    "mean_baseline_nll_all": 0.11269655298683148
   },
   "02_code": {
    "n_neg_gt_0.05": 533,
    "neg_mass": -68.23354911804199,
    "pos_mass": 52.37082862854004,
    "mean_baseline_nll_of_beneficiaries": 3.281479994754183,
    "mean_baseline_nll_all": 0.7086386074587301
   },
   "03_templated": {
    "n_neg_gt_0.05": 633,
    "neg_mass": -57.38206100463867,
    "pos_mass": 57.983882904052734,
    "mean_baseline_nll_of_beneficiaries": 3.453696020406569,
    "mean_baseline_nll_all": 1.3167692485302158
   },
   "04_multilingual": {
    "n_neg_gt_0.05": 78,
    "neg_mass": -11.40650749206543,
    "pos_mass": 7.687763214111328,
    "mean_baseline_nll_of_beneficiaries": 2.879039642138359,
    "mean_baseline_nll_all": 0.10059195387976144
   },
   "05_needles": {
    "n_neg_gt_0.05": 205,
    "neg_mass": -23.81781578063965,
    "pos_mass": 27.1508731842041,
    "mean_baseline_nll_of_beneficiaries": 2.293169942716273,
    "mean_baseline_nll_all": 0.27578443183288837
   },
   "06_random": {
    "n_neg_gt_0.05": 125,
    "neg_mass": -9.635371208190918,
    "pos_mass": 14.4248685836792,
    "mean_baseline_nll_of_beneficiaries": 12.776111961364746,
    "mean_baseline_nll_all": 12.540049058441248
   }
  },
  "bias_off_L65": {
   "01_prose_en": {
    "n_neg_gt_0.05": 184,
    "neg_mass": -45.24331092834473,
    "pos_mass": 80.91498184204102,
    "mean_baseline_nll_of_beneficiaries": 1.4439080590787141,
    "mean_baseline_nll_all": 0.11867466806535858
   },
   "02_code": {
    "n_neg_gt_0.05": 727,
    "neg_mass": -154.288911819458,
    "pos_mass": 263.9136219024658,
    "mean_baseline_nll_of_beneficiaries": 2.412538528442383,
    "mean_baseline_nll_all": 0.7245001948341143
   },
   "03_templated": {
    "n_neg_gt_0.05": 794,
    "neg_mass": -91.21203231811523,
    "pos_mass": 82.11069869995117,
    "mean_baseline_nll_of_beneficiaries": 3.444746752529961,
    "mean_baseline_nll_all": 1.316071204803843
   },
   "04_multilingual": {
    "n_neg_gt_0.05": 114,
    "neg_mass": -26.42828941345215,
    "pos_mass": 53.451637268066406,
    "mean_baseline_nll_of_beneficiaries": 2.1569192116720632,
    "mean_baseline_nll_all": 0.1045858542454314
   },
   "05_needles": {
    "n_neg_gt_0.05": 303,
    "neg_mass": -52.54888916015625,
    "pos_mass": 65.10502243041992,
    "mean_baseline_nll_of_beneficiaries": 2.5108908977445594,
    "mean_baseline_nll_all": 0.2769861364521804
   },
   "06_random": {
    "n_neg_gt_0.05": 3012,
    "neg_mass": -373.28697681427,
    "pos_mass": 138.97644424438477,
    "mean_baseline_nll_of_beneficiaries": 12.835396027343364,