{
 "lf3_01_prose_en": {
  "max_abs_r": 0.9392566767459397,
  "argmax_layer": 11,
  "regressor": "log1p",
  "search_p": 0.007874015748031496
 },
 "lf3_06_random": {
  "max_abs_r": 0.9750178070357133,
  "argmax_layer": 59,
  "regressor": "log1p",
  "search_p": 0.007874015748031496
 },
 "lf8_min_cosine": {
  "value": 0.38521707194259763,
  "where": [
   53,
   "01_prose_en",
   "05_needles"
  ]
 },
 "lf8_family": {
  "stat": -0.006199289297897752,
  "p_one_sided": 0.7428257174282572
 },
 "lf8_chirality_candidates": 47,
 "lf8_chirality_sample": [
  [
   0,
   53,
   -0.877771547942527
  ],
  [
   0,
   840,
   0.7789743150616233
  ],
  [
   2,
   18,
   0.5135602340956568
  ],
  [
   3,
   771,
   -1.5793780221366163
  ],
  [
   5,
   328,
   -0.5551575832377432
  ],
  [
   5,
   332,
   0.5554053706914093
  ],
  [
   8,
   134,
   -0.6293662943315699
  ],
  [
   11,
   271,
   0.3162451064577928
  ]
 ],
 "lf9": {
  "L5": {
   "with": 0.8445335932112373,
   "without": 0.8895584945542246,
   "effect": -0.04502490134298731
  },
  "L23": {
   "with": 0.8463996608465414,
   "without": 0.8955132532622724,
   "effect": -0.04911359241573099
  },
  "L29": {
   "with": 0.7285556452953389,
   "without": 0.8518358416847052,
   "effect": -0.12328019638936627
  },
  "L35": {
   "with": 0.8029292722489417,
   "without": 0.8661672071164113,
   "effect": -0.06323793486746954
  },
  "L41": {
   "with": 0.798267678432014,
   "without": 0.872040939210436,
   "effect": -0.07377326077842206
  },
  "L47": {
   "with": 0.8184377147746396,
   "without": 0.9000289701040758,
   "effect": -0.08159125532943623
  },
  "L65": {
   "with": 0.4760399611425988,
   "without": 0.8960408158177324,
   "effect": -0.42000085467513365
  }
 }
}