{
 "carrier_L20_needles": 0.10818936145256555,
 "carrier_spots": {
  "L20_01_prose_en": 0.10561774123205386,
  "L35_05_needles": 0.0010479302556463883,
  "L5_02_code": 0.00848290082546504
 },
 "live_share_median_comp1": 0.641155257580169,
 "lifecycle": {
  "onset_4786": 26,
  "onset_3290": null,
  "cov4786_L25_28_prose": [
   0.0006103515625,
   0.00927734375,
   0.322265625,
   0.7862548828125
  ],
  "cov3290_max": 0.0
 },
 "lifecycle_crosscheck_L26_prose_4786": {
  "census": 0.00927734375,
  "direct_state": 0.00927734375
 },
 "r5b": {
  "argmax_layer": 41,
  "unique_max": true,
  "median_L0_5": 0.2550517751351249,
  "median_L23_47": 0.3649551655558093,
  "L65": 0.1636250914511199,
  "L65_below_all_mid_globals": true,
  "centrality": {
   "01_prose_en": 0.20860587582229556,
   "02_code": 0.13344418648555256,
   "03_templated": 0.2713994819942583,
   "04_multilingual": 0.2072659951587007,
   "05_needles": 0.32510717805069206,
   "06_random": 0.2978038263011745
  }
 },
 "lf9_paired_effects": {
  "L5": -0.035208641821112496,
  "L23": -0.035652254863580035,
  "L29": -0.06396987127217371,
  "L35": -0.04799241234489976,
  "L41": -0.08554359584267857,
  "L47": -0.07180640032248514,
  "L65": -0.40952087987647534
 }
}