{
 "mean_paired_contrast": 0.023467636782252072,
 "p_one_sided_exact": 0.015625,
 "per_text_diffs": [
  0.00216833676316619,
  0.005795984487584782,
  0.06050100378414308,
  0.001641153494424008,
  0.060473039746188784,
  0.010226302418005595
 ],
 "rot_L41_prose": 0.028463263599469213,
 "rot_L65_prose": 0.19022633522470783,
 "rotation_flipband_argmax_destination": 1,
 "rotation_flipband_in_L13_28": false,
 "median_rotation_table": [
  [
   0.550091,
   0.629269,
   0.586659,
   0.623114,
   0.58249,
   1.119968
  ],
  [
   0.001222,
   0.001133,
   0.000861,
   0.001269,
   0.001074,
   0.002848
  ],
  [
   0.005886,
   0.006201,
   0.007255,
   0.007908,
   0.004264,
   0.01568
  ],
  [
   0.001001,
   0.000881,
   0.001232,
   0.001348,
   0.000656,
   0.002343
  ],
  [
   0.000384,
   0.000226,
   0.000354,
   0.000335,
   0.000138,
   0.000418
  ],
  [
   0.000949,
   0.001136,
   0.001663,
   0.001694,
   0.000848,
   0.002322
  ],
  [
   0.001031,
   0.000823,
   0.001064,
   0.001711,
   0.000632,
   0.002319
  ],
  [
   0.000369,
   0.000337,
   0.000547,
   0.000416,
   0.000223,
   0.000431
  ],
  [
   0.000338,
   0.000298,
   0.000546,
   0.000337,
   0.000201,
   0.000348
  ],
  [
   0.000638,
   0.000487,
   0.000532,
   0.001107,
   0.000313,
   0.001051
  ],
  [
   0.000386,
   0.000275,
   0.000306,
   0.000407,
   0.000219,
   0.000401
  ],
  [
   0.000595,
   0.000381,
   0.000676,
   0.000424,
   0.000373,
   0.00069
  ],
  [
   0.001134,
   0.000434,
   0.000535,
   0.001185,
   0.000381,
   0.001161
  ],
  [
   0.00045,
   0.00034,
   0.00028,
   0.000377,
   0.000248,
   0.000393
  ],
  [
   0.000417,
   0.000272,
   0.000243,
   0.000398,
   0.000234,
   0.000378
  ],
  [
   0.000369,
   0.00024,
   0.000214,
   0.000348,
   0.000272,
   0.000379
  ],
  [
   0.000315,
   0.000233,
   0.000157,
   0.00038,
   0.000192,
   0.000332
  ],
  [
   0.00044,
   0.000422,
   0.000546,
   0.000464,
   0.000754,
   0.000933
  ],
  [
   0.000488,
   0.000328,
   0.000195,
   0.000572,
   0.000328,
   0.000685
  ],
  [
   0.000596,
   0.00056,
   0.000259,
   0.000746,
   0.000399,
   0.000978
  ],
  [
   0.000803,
   0.000515,
   0.000395,
   0.000975,
   0.000497,
   0.000853
  ],
  [
   0.000791,
   0.000587,
   0.000529,
   0.000838,
   0.000503,
   0.000976
  ],
  [
   0.001191,
   0.000891,
   0.000771,
   0.001486,
   0.00075,
   0.000901
  ],
  [
   0.001668,
   0.001532,
   0.001775,
   0.00177,
   0.002147,
   0.002367
  ],
  [
   0.002837,
   0.001912,
   0.001632,
   0.00289,
   0.001492,
   0.002091
  ],
  [
   0.004452,
   0.003037,
   0.002606,
   0.004077,
   0.002436,
   0.003345
  ],
  [
   0.004635,
   0.003869,
   0.003196,
   0.005044,
   0.003343,
   0.003809
  ],
  [
   0.007608,
   0.007179,
   0.005314,
   0.00749,
   0.00596,
   0.006116
  ],
  [
   0.015379,
   0.01768,
   0.017102,
   0.018014,
   0.017004,
   0.035117
  ],
  [
   0.013601,
   0.016643,
   0.015316,
   0.013055,
   0.017685,
   0.015603
  ],
  [
   0.019015,
   0.019381,
   0.013133,
   0.022798,
   0.012184,
   0.010638
  ],
  [
   0.028064,
   0.026377,
   0.022255,
   0.032265,
   0.020612,
   0.01492
  ],
  [
   0.034307,
   0.032766,
   0.03088,
   0.035167,
   0.032442,
   0.025833
  ],
  [
   0.027678,
   0.030151,
   0.029553,
   0.029825,
   0.033548,
   0.02029
  ],
  [
   0.029701,
   0.057085,
   0.123443,
   0.026937,
   0.107229,
   0.056676
  ],
  [
   0.046413,
   0.074028,
   0.130793,
   0.043348,
   0.127246,
   0.107689
  ],
  [
   0.024945,
   0.043053,
   0.047131,
   0.030157,
   0.0474,
   0.022413
  ],
  [
   0.036584,
   0.03985,
   0.044145,
   0.030185,
   0.0483,
   0.030654
  ],
  [
   0.027225,
   0.03907,
   0.036191,
   0.027172,
   0.040181,
   0.026371
  ],
  [
   0.031472,
   0.037563,
   0.043391,
   0.033206,
   0.043117,
   0.021352
  ],
  [
   0.040415,
   0.054773,
   0.137975,
   0.051343,
   0.10953,
   0.05375
  ],
  [
   0.028463,
   0.03726,
   0.157933,
   0.023014,
   0.11813,
   0.060348
  ],
  [
   0.025773,
   0.031468,
   0.019935,
   0.023896,
   0.026229,
   0.01781
  ],
  [
   0.013043,
   0.01194,
   0.017096,
   0.014003,
   0.015905,
   0.008182
  ],
  [
   0.015478,
   0.013297,
   0.014056,
   0.020307,
   0.015207,
   0.009944
  ],
  [
   0.01709,
   0.012375,
   0.013441,
   0.019037,
   0.016823,
   0.00883
  ],
  [
   0.023823,
   0.034417,
   0.053426,
   0.02177,
   0.059453,
   0.031313
  ],
  [
   0.015671,
   0.019073,
   0.073942,
   0.018539,
   0.0769,
   0.042093
  ],
  [
   0.011436,
   0.009317,
   0.011094,
   0.011088,
   0.016427,
   0.006291
  ],
  [
   0.013502,
   0.009984,
   0.012206,
   0.016079,
   0.01458,
   0.007187
  ],
  [
   0.012817,
   0.013345,
   0.013337,
   0.016897,
   0.017986,
   0.010826
  ],
  [
   0.018569,
   0.014304,
   0.015325,
   0.017579,
   0.018822,
   0.014004
  ],
  [
   0.028532,
   0.021806,
   0.081006,
   0.027405,
   0.070384,
   0.011348
  ],
  [
   0.0169,
   0.0237,
   0.084785,
   0.024791,
   0.088143,
   0.019056
  ],
  [
   0.015419,
   0.013277,
   0.017361,
   0.018513,
   0.020197,
   0.008054
  ],
  [
   0.015951,
   0.013875,
   0.016567,
   0.020765,
   0.021137,
   0.008902
  ],
  [
   0.018501,
   0.020666,
   0.019526,
   0.027817,
   0.026546,
   0.016162
  ],
  [
   0.026283,
   0.028116,
   0.029231,
   0.035107,
   0.03333,
   0.019336
  ],
  [
   0.019483,
   0.033851,
   0.098013,
   0.023887,
   0.077815,
   0.03663
  ],
  [
   0.04524,
   0.070522,
   0.121725,
   0.051236,
   0.134935,
   0.068075
  ],
  [
   0.06206,
   0.06059,
   0.078098,
   0.061957,
   0.103316,
   0.103273
  ],
  [
   0.009822,
   0.028637,
   0.037689,
   0.014974,
   0.030199,
   0.007916
  ],
  [
   0.018391,
   0.040069,
   0.078604,
   0.023308,
   0.046968,
   0.027208
  ],
  [
   0.027407,
   0.057051,
   0.090199,
   0.031275,
   0.072998,
   0.05641
  ],
  [
   0.029641,
   0.048562,
   0.075537,
   0.036192,
   0.046896,
   0.032544
  ],
  [
   0.190226,
   0.206618,
   0.194694,
   0.176128,
   0.155808,
   0.165372
  ]
 ]
}