{
 "lf3_bos_random": 1.0,
 "lf3_bos_prose": 0.96875,
 "r5c_pr_flipband": {
  "argmax_destination_layer": 64,
  "in_L13_28": false,
  "top3": [
   [
    21.19169552501495,
    64
   ],
   [
    13.052296682932067,
    34
   ],
   [
    12.354279964323077,
    43
   ]
  ]
 }
}