{
  "checks": {
    "argmax_agreement": false,
    "max_abs_delta": false,
    "max_kl": false,
    "max_row_sum_error": true
  },
  "created_at_utc": "2026-07-17T07:23:20.390390+00:00",
  "diagnostic_only": true,
  "elapsed_seconds": 1.135,
  "heads": 64,
  "input_manifest_sha256": "125acd25ab3f94e5620a0185030e32468c13d2e55e5a5979bca904d3577820ea",
  "kind": "round5_lf5_cpu_boundary_diagnostic",
  "layer": 0,
  "metrics": {
    "argmax_agreement": 0.99609375,
    "argmax_mismatches": 6,
    "max_abs_delta": 0.001525677740573883,
    "max_kl": 6.924429934459069e-05,
    "max_row_sum_error": 2.3809843696653843e-07,
    "p99_abs_delta": 6.0927122831344604e-06,
    "p99_kl": 3.126369430484654e-05
  },
  "needle_rows_sha256": "d4a0877e68dddd96fb08efd2e4e6b37d9929385914510f3e050ce89726f0b783",
  "operator_backend": "CPU/FP32 with explicit original BF16 output boundaries",
  "queries": 24,
  "schema_version": 1,
  "source_sha256": "e78c8d6ba4216bd9b7d51eafa09d70d818626b7a39a2c41e617c8c0b19e80b35",
  "thresholds_unchanged": {
    "argmax_agreement": 1.0,
    "max_abs_delta": 0.001,
    "max_kl": 1e-06,
    "max_row_sum_error": 0.001
  },
  "would_pass_registered_thresholds": false
}
