{
  "boundary_anatomy": {
    "bootstrap_resamples": 5000,
    "bootstrap_seed": 20260717,
    "deep_mean": [
      0.5094633152173911,
      0.5042527173913042,
      0.48448369565217375,
      0.36339334239130444,
      0.5819395380434786,
      0.39533627717391295,
      0.5341168478260869,
      0.5477309782608696,
      0.5467595108695649,
      0.5549830163043478,
      0.5685054347826085,
      0.5701902173913044,
      0.5894259510869561,
      0.5776528532608696,
      0.5750407608695651,
      0.5630129076086954
    ],
    "deep_minus_shallow": [
      0.026186594202898317,
      -0.035947690217391526,
      -0.0629574275362319,
      -0.02109488224637668,
      0.18165081521739174,
      0.11361639492753611,
      0.10338768115942049,
      0.07072124094202908,
      0.0033038949275358,
      0.005696331521739095,
      -0.010349864130435371,
      -0.019483695652174005,
      -0.006158288043478732,
      -0.019465579710144953,
      -0.04232789855072505,
      -0.031688179347826306
    ],
    "deep_minus_shallow_q025": [
      -0.005481459465579745,
      -0.068070170969203,
      -0.09494491621376805,
      -0.04834714673913046,
      0.15136050724637679,
      0.08812533967391312,
      0.07476330389492741,
      0.04133265398550723,
      -0.025822293931159354,
      -0.02624286684782606,
      -0.0416914911684782,
      -0.048333305027173964,
      -0.03747398663949267,
      -0.04942167685688405,
      -0.07089291779891314,
      -0.05837672667572452
    ],
    "deep_minus_shallow_q975": [
      0.05780264945652171,
      -0.004276437952898552,
      -0.029906108469202896,
      0.005160807291666683,
      0.2110411854619567,
      0.14008395606884064,
      0.1333763586956521,
      0.10091001471920276,
      0.032824501811594,
      0.03772107110507237,
      0.020309442934782474,
      0.007877943840579719,
      0.025072690217391273,
      0.011177819293478197,
      -0.01486744225543478,
      -0.004587098052536226
    ],
    "offsets": [
      -4,
      -3,
      -2,
      -1,
      0,
      1,
      2,
      3,
      4,
      5,
      6,
      7,
      8,
      9,
      10,
      11
    ],
    "shallow_mean": [
      0.48327672101449276,
      0.5402004076086957,
      0.5474411231884057,
      0.3844882246376811,
      0.4002887228260869,
      0.28171988224637684,
      0.43072916666666644,
      0.4770097373188405,
      0.5434556159420291,
      0.5492866847826087,
      0.5788552989130439,
      0.5896739130434784,
      0.5955842391304348,
      0.5971184329710145,
      0.6173686594202902,
      0.5947010869565217
    ],
    "valid_message_starts": 230
  },
  "full_trace": {
    "conversation_switches": [
      0,
      1024,
      2047,
      3071,
      4095,
      5119,
      6143,
      7167,
      8191
    ],
    "message_start_count": 232,
    "smoothed_max": 0.9114583333333335,
    "smoothed_median": 0.5044456845238097,
    "smoothed_min": 0.1216331845238095,
    "smoothing": "edge-corrected centered mean, window=21",
    "token_count": 8192
  },
  "kind": "improved_boundary_figure_summary",
  "schema_version": 1,
  "sources": {
    "deep_sha256": "71fa5650c5e01bbd79a608b1e6f1fcdcd40d8a6cdbeb348a20932d72e0126161",
    "depth_classes_sha256": "c6391367d23b5d4ac86fb64214ba4edc11b3dac342c69253ec66068d3094af6e",
    "script_sha256": "2e8fb992d3e43d2a3a0c020e031c75f55483a34de3c2ef568b9f0cddd57299af",
    "shal_sha256": "6f38a74523317e73756a05853e0fdf07618d60f595307de30d5e3506d5c135cb",
    "sidecar_sha256": "531556580a468fe10c3e0e2a0a27d7e5e2e4a5d3115d45d73a77ae0cd648e5ca"
  }
}
