{
  "P_e": {
    "P_e1_crossed_math_control": {
      "bootstrap_q025": -0.08497896137026562,
      "bootstrap_q50": -0.033393584541055524,
      "bootstrap_q975": 0.013897380909690395,
      "n": 570,
      "one_sided_structure_block_permutation_p": 0.7641235876412359,
      "passed": false,
      "spearman_rho": -0.031116727066890146,
      "structure_blocks": 8
    },
    "P_e1_primary": {
      "bootstrap_q025": 0.005818974941312976,
      "bootstrap_q50": 0.09680888455642274,
      "bootstrap_q975": 0.2021858103684084,
      "n": 570,
      "one_sided_structure_block_permutation_p": 0.0321967803219678,
      "passed": true,
      "spearman_rho": 0.10405554370485912,
      "structure_blocks": 8
    },
    "P_e1_random_mask_control": {
      "bootstrap_q025": -0.051771228257501765,
      "bootstrap_q50": 0.02884546928841801,
      "bootstrap_q975": 0.09525841856182778,
      "n": 570,
      "one_sided_structure_block_permutation_p": 0.256974302569743,
      "passed": false,
      "spearman_rho": 0.028519307539664567,
      "structure_blocks": 8
    },
    "P_e1_shallow_depth_control": {
      "bootstrap_q025": -0.17700702544240268,
      "bootstrap_q50": -0.003921434282717037,
      "bootstrap_q975": 0.14248480329650448,
      "n": 570,
      "one_sided_structure_block_permutation_p": 0.5721427857214278,
      "passed": false,
      "spearman_rho": -0.0069077102164275435,
      "structure_blocks": 8
    },
    "P_e2": {
      "difference": -0.00390625,
      "direction_passed": false,
      "multi_conversation_effect": 0.083984375,
      "one_sided_paired_label_permutation_p": 0.6622337766223377,
      "p_holm_secondary": 0.8811118888111189,
      "paired_messages": 563,
      "passed": false,
      "single_thread_effect": 0.080078125
    },
    "P_e2_shallow_depth_control": {
      "difference": -0.0078125,
      "direction_passed": false,
      "multi_conversation_effect": -0.205078125,
      "one_sided_paired_label_permutation_p": 0.7669233076692331,
      "paired_messages": 563,
      "single_thread_effect": -0.212890625
    },
    "P_e3": {
      "attenuated_after_dose_matching": false,
      "direction_passed": false,
      "dose_adjusted_median_contrast": 0.0417968749999999,
      "dose_bin_definition": "floor(log2(1+retired_context_dose))",
      "dose_matched_higher_n": 2,
      "dose_unmatched_higher_n": 5,
      "higher_scope_n": 7,
      "one_sided_position_bin_scope_permutation_p": 0.44055594440555945,
      "ordinary_n": 563,
      "p_holm_secondary": 0.8811118888111189,
      "passed": false,
      "raw_median_contrast": -0.03749999999999998
    },
    "P_e3_crossed_math_control": {
      "attenuated_after_dose_matching": false,
      "direction_passed": false,
      "dose_adjusted_median_contrast": -0.17421875,
      "dose_bin_definition": "floor(log2(1+retired_context_dose))",
      "dose_matched_higher_n": 2,
      "dose_unmatched_higher_n": 5,
      "higher_scope_n": 7,
      "one_sided_position_bin_scope_permutation_p": 0.8871112888711129,
      "ordinary_n": 563,
      "raw_median_contrast": -0.11640624999999999
    },
    "P_e3_random_mask_control": {
      "attenuated_after_dose_matching": true,
      "direction_passed": true,
      "dose_adjusted_median_contrast": -0.040624999999999994,
      "dose_bin_definition": "floor(log2(1+retired_context_dose))",
      "dose_matched_higher_n": 2,
      "dose_unmatched_higher_n": 5,
      "higher_scope_n": 7,
      "one_sided_position_bin_scope_permutation_p": 0.23967603239676033,
      "ordinary_n": 563,
      "raw_median_contrast": 0.0625
    },
    "P_e3_shallow_depth_control": {
      "attenuated_after_dose_matching": false,
      "direction_passed": true,
      "dose_adjusted_median_contrast": -0.0729166666666667,
      "dose_bin_definition": "floor(log2(1+retired_context_dose))",
      "dose_matched_higher_n": 2,
      "dose_unmatched_higher_n": 5,
      "higher_scope_n": 7,
      "one_sided_position_bin_scope_permutation_p": 0.3711628837116288,
      "ordinary_n": 563,
      "raw_median_contrast": 0.005208333333333315
    },
    "registered_verdicts": {
      "P_e1": true,
      "P_e2": false,
      "P_e3": false
    }
  },
  "P_f": {
    "P_f1": {
      "anchors": {
        "gratitude_tokens": {
          "crossed_math": {
            "count": 30,
            "direction": "two-sided",
            "effect": -0.02734375,
            "null_q025": -0.12109375,
            "null_q50": 0.0,
            "null_q975": 0.119140625,
            "p": 0.674032596740326,
            "p_holm_control": 0.8393160683931606
          },
          "main": {
            "count": 30,
            "direction": "positive",
            "effect": 0.095703125,
            "null_q025": -0.123046875,
            "null_q50": 0.0,
            "null_q975": 0.12109375,
            "p": 0.0655934406559344,
            "p_holm_internal": 0.0655934406559344,
            "shallow_effect": -0.0234375
          },
          "passed": false,
          "random_mask": {
            "count": 30,
            "direction": "two-sided",
            "effect": 0.146484375,
            "null_q025": -0.123046875,
            "null_q50": 0.0,
            "null_q975": 0.12109375,
            "p": 0.0202979702029797,
            "p_holm_control": 0.0608939106089391
          }
        },
        "proper_noun_proxy": {
          "crossed_math": {
            "count": 136,
            "direction": "two-sided",
            "effect": 0.025390625,
            "null_q025": -0.05859375,
            "null_q50": 0.0,
            "null_q975": 0.05859375,
            "p": 0.4196580341965803,
            "p_holm_control": 0.8393160683931606
          },
          "main": {
            "count": 136,
            "direction": "positive",
            "effect": 0.18359375,
            "null_q025": -0.060546875,
            "null_q50": 0.0,
            "null_q975": 0.05859375,
            "p": 9.999000099990002e-05,
            "p_holm_internal": 0.00029997000299970003,
            "shallow_effect": 0.259765625
          },
          "passed": true,
          "random_mask": {
            "count": 136,
            "direction": "two-sided",
            "effect": 0.060546875,
            "null_q025": -0.05859375,
            "null_q50": 0.0,
            "null_q975": 0.05859375,
            "p": 0.047595240475952406,
            "p_holm_control": 0.09119088091190881
          }
        },
        "url_tokens": {
          "crossed_math": {
            "count": 129,
            "direction": "two-sided",
            "effect": -0.072265625,
            "null_q025": -0.060546875,
            "null_q50": 0.001953125,
            "null_q975": 0.060546875,
            "p": 0.024197580241975804,
            "p_holm_control": 0.07259274072592742
          },
          "main": {
            "count": 129,
            "direction": "positive",
            "effect": 0.244140625,
            "null_q025": -0.060546875,
            "null_q50": -0.001953125,
            "null_q975": 0.056640625,
            "p": 9.999000099990002e-05,
            "p_holm_internal": 0.00029997000299970003,
            "shallow_effect": 0.224609375
          },
          "passed": true,
          "random_mask": {
            "count": 129,
            "direction": "two-sided",
            "effect": -0.060546875,
            "null_q025": -0.056640625,
            "null_q50": -0.001953125,
            "null_q975": 0.056640625,
            "p": 0.04559544045595441,
            "p_holm_control": 0.09119088091190881
          }
        }
      },
      "internal_joint_passed": false,
      "passed": false,
      "top_level_holm_p": 0.0655934406559344,
      "top_level_raw_p": 0.0655934406559344
    },
    "P_f2": {
      "body_offset_6_11_median": 0.0009759822489601887,
      "bootstrap_q025": 0.23984935522504452,
      "bootstrap_q50": 0.257754706996435,
      "bootstrap_q975": 0.27556438697638147,
      "offset0_deep_minus_shallow": 0.2573951834521687,